{
  "label": "baseline",
  "elapsed_s": 25.019,
  "n_trades": 714,
  "total_pnl": 1660.46,
  "sharpe": 7.908266,
  "max_dd": 121.72,
  "win_rate": 87.2549,
  "avg_win": 4.674462,
  "avg_loss": 13.755275,
  "pnl_checksum": 1660.46,
  "first_5_pnls": [
    -5.08,
    2.33,
    11.31,
    -52.5,
    15.28
  ],
  "last_5_pnls": [
    0.63,
    0.68,
    1.64,
    1.13,
    2.17
  ]
}